Source,Target
PoloChau, SamForDaWin
PoloChau, severinhacker
PoloChau, albertocairo
PoloChau, FisherDanyel
PoloChau, LMNault
PoloChau, adarrow
PoloChau, JakeP
PoloChau, kimisperros
PoloChau, Prof_DavidBader
PoloChau, jonfroehlich
PoloChau, ibogost
PoloChau, khusape
PoloChau, TheNextCorner
PoloChau, zkancs
PoloChau, ddol
PoloChau, CptPositive
PoloChau, GTRI
PoloChau, kedwards
PoloChau, goodfellow_ian
PoloChau, dennybritz
SamForDaWin, GAFollowers
SamForDaWin, MCLA_Tournament
SamForDaWin, benkanute
SamForDaWin, nathanfielder
SamForDaWin, WICKEDWORLDWI
SamForDaWin, MCLA_Champs16
SamForDaWin, mstapleton3
SamForDaWin, maddielee419
SamForDaWin, ugalax
SamForDaWin, AaronSolender86
SamForDaWin, realDonaldTrump
SamForDaWin, MCLA
SamForDaWin, charlie_oliva
SamForDaWin, kacrandall
SamForDaWin, dog_rates
SamForDaWin, GT_Hockey
SamForDaWin, WePlayLean
SamForDaWin, POTUS44
SamForDaWin, POTUS
SamForDaWin, mikeyeps
severinhacker, jayantkrish
severinhacker, switzerland099
severinhacker, hyrumwright
severinhacker, sieg
severinhacker, gabrielgambetta
severinhacker, RyanMunson21
severinhacker, kdub0
severinhacker, hmslydia
severinhacker, P4ndaGirl
severinhacker, StunnaDonDada
severinhacker, rickaroundhere
severinhacker, TimeSpaceOne
severinhacker, drob
severinhacker, triplejberger
severinhacker, daveclark
severinhacker, LexiBelc
severinhacker, ScottAdamsSays
severinhacker, cavanaughnate
severinhacker, christina_ooi
severinhacker, Steve_Ridout
albertocairo, MDCPS
albertocairo, gvsig
albertocairo, ssaintleger
albertocairo, misslake
albertocairo, ChristianStork
albertocairo, cbasturea
albertocairo, discoursemedia
albertocairo, aric_chokey
albertocairo, NZZStorytelling
albertocairo, jugalpatelNYT
albertocairo, Prof_BearB
albertocairo, shannimcg
albertocairo, bnj_cooley
albertocairo, juliagalef
albertocairo, Court_Jeffrey
albertocairo, NHC_Atlantic
albertocairo, johntstasko
albertocairo, eric_d_lawrence
albertocairo, _ritacosta_
albertocairo, ht0ma
FisherDanyel, marksawula
FisherDanyel, TofHurter
FisherDanyel, ken_hinckley
FisherDanyel, ieeevgtc
FisherDanyel, d3visualization
FisherDanyel, RabbiDoubleA
FisherDanyel, MattNegrin
FisherDanyel, 20korg
FisherDanyel, LeeNapier7
FisherDanyel, GeneticJen
FisherDanyel, tanner_jaime
FisherDanyel, HannahFoxwell
FisherDanyel, vlandham
FisherDanyel, davidcrosss
FisherDanyel, Zipcar
FisherDanyel, CharlesPPierce
FisherDanyel, gillianrhayes
FisherDanyel, danulf
FisherDanyel, ann_leckie
FisherDanyel, thinkpiecebot
LMNault, docbaty
LMNault, ericsimons
LMNault, paulg
LMNault, joshcarpenter
LMNault, AndrewCrow
LMNault, NNgroup
LMNault, jnd1er
LMNault, blaurel
LMNault, mlssamrtn
LMNault, SoniaKoesterer
LMNault, girlracer68
LMNault, jlinowski
LMNault, monteiro
LMNault, lea_designer
LMNault, ericstrenger
LMNault, shodoshan
LMNault, livlab
LMNault, karaswisher
LMNault, Blair591
LMNault, ideo
adarrow, TwitterVideo
adarrow, VELUXAmerica
adarrow, FluidWaterMeter
adarrow, AltHHS
adarrow, AltForestServ
adarrow, NASA
adarrow, alt_fda
adarrow, NotAltWorld
adarrow, BadlandsNPS
adarrow, HalfOnionInABag
adarrow, ivanka
adarrow, MatureTrumpTwts
adarrow, ObamaWhiteHouse
adarrow, WhiteHouse
adarrow, FLOTUS44
adarrow, FLOTUS
adarrow, POTUS44
adarrow, EldridgeGravy
adarrow, jessleeST
adarrow, jsoltero
JakeP, Nate_Cohn
JakeP, anniejevans
JakeP, AndyRichter
JakeP, DesignTimes
JakeP, SelfAwareROOMBA
JakeP, BayNature
JakeP, jbarlekamp
JakeP, POTUS44
JakeP, POTUS
JakeP, LosFelizDaycare
JakeP, TerbilDraems
JakeP, rubbishdrawings
JakeP, NeutralGroundCo
JakeP, ScoutAlarm
JakeP, message
JakeP, blankonblank
JakeP, USDS
JakeP, SFBARTalert
JakeP, GoogleDesign
JakeP, wildernessmaaan
kimisperros, timnitGebru
kimisperros, pabbeel
kimisperros, arankhanna
kimisperros, paperpile
kimisperros, lxbrun
kimisperros, facebook
kimisperros, loconte
kimisperros, FBaldimtsi
kimisperros, hseas
kimisperros, OdedGreen
kimisperros, AmirSariri
kimisperros, nberpubs
kimisperros, hellojas
kimisperros, GoogleBrain
kimisperros, jasonyo
kimisperros, andrewgwils
kimisperros, adamgdunn
kimisperros, erichorvitz
kimisperros, nih_nhlbi
kimisperros, mmitchell_ai
Prof_DavidBader, ScotJasper
Prof_DavidBader, leobardomt
Prof_DavidBader, timblake1978
Prof_DavidBader, ivenzor
Prof_DavidBader, BonkersTech
Prof_DavidBader, wgrantsmith
Prof_DavidBader, leadershipDVC
Prof_DavidBader, j_winterton
Prof_DavidBader, rijitK
Prof_DavidBader, YasSilva1
Prof_DavidBader, namratab94
Prof_DavidBader, iuinfograd
Prof_DavidBader, Astro_Locke
Prof_DavidBader, MarissaInMadrid
Prof_DavidBader, cmdoerfler
Prof_DavidBader, derekm00r3
Prof_DavidBader, milliman
Prof_DavidBader, balag0302
Prof_DavidBader, Notmadscientist
Prof_DavidBader, areuther1
jonfroehlich, jemelehill
jonfroehlich, JohnAlexander
jonfroehlich, rameses888
jonfroehlich, rajakushalnagar
jonfroehlich, jesshami
jonfroehlich, ProactiveSleep
jonfroehlich, HandicapThis
jonfroehlich, PoloChau
jonfroehlich, AbeDavis
jonfroehlich, graydesign
jonfroehlich, DavidNemer
jonfroehlich, yasssjasss
jonfroehlich, vj_chidambaram
jonfroehlich, thompsonpat
jonfroehlich, User1st
jonfroehlich, bendevane
jonfroehlich, AMAC_tweet
jonfroehlich, MikeySaugstad
jonfroehlich, ahaAtARO
jonfroehlich, saiphcita
ibogost, SilverbergDave
ibogost, jenn_rossmann
ibogost, nora_kelly
ibogost, priscialva
ibogost, Tanvim
ibogost, davidzweig
ibogost, lindsaygellman
ibogost, slaskow
ibogost, lauraelizdavis
ibogost, UrbanLandInst
ibogost, kaitlinofficial
ibogost, coralsncaves
ibogost, dezeen
ibogost, iconeye
ibogost, Gastropodcast
ibogost, blueprintmag
ibogost, nicolatwilley
ibogost, tucker_ft
ibogost, tsmullaney
ibogost, markrobsf
khusape, dpravi799
khusape, audiogyan
khusape, sbyrnes
khusape, kumrr
khusape, harrybr
khusape, glennsolomon
khusape, caldbeckj
khusape, meseali
khusape, pranjal_1981
khusape, vijaya
khusape, kcoleman
khusape, ArlanWasHere
khusape, sidpandey
khusape, djtokyo
khusape, rohitjain
khusape, mukuls97
khusape, NavinChaddha
khusape, hitobs
khusape, dkhare
khusape, leotor
TheNextCorner, CBSSF
TheNextCorner, kron4news
TheNextCorner, KTVU
TheNextCorner, abc7newsbayarea
TheNextCorner, nbcbayarea
TheNextCorner, mercnews
TheNextCorner, WazeTrafficSF
TheNextCorner, JonathanWilbur
TheNextCorner, ChristiJOlson
TheNextCorner, ChristiJBOlson
TheNextCorner, NWSBayArea
TheNextCorner, MoneyLynch
TheNextCorner, HSBC
TheNextCorner, TheJudge44
TheNextCorner, farmshelf
TheNextCorner, elguapo
TheNextCorner, thecounter
TheNextCorner, jaychoag
TheNextCorner, woodymarshall
TheNextCorner, TCVTech
zkancs, AuthorityLabs
zkancs, girlie_mac
zkancs, b0rk
zkancs, LauraBehrensWu
zkancs, BlackGirlsCode
zkancs, sheplusplus
zkancs, portainerio
zkancs, KnowYourCompany
zkancs, cjlew23
zkancs, sxywu
zkancs, alignedleft
zkancs, tdda0
zkancs, NodeSource
zkancs, zzbennett
zkancs, stitchfix_algo
zkancs, reworkpodcast
zkancs, janexwang
zkancs, rsalakhu
zkancs, nalkalchbrenner
zkancs, OriolVinyalsML
ddol, Arubin
ddol, JamesTamplin
ddol, VelodyneLidar
ddol, CorrectNames
ddol, Kernasovskiy
ddol, aristeinberg
ddol, fivetentaylor
ddol, thereaIbanksy
ddol, kimmaicutler
ddol, atlasobscura
ddol, migueldeicaza
ddol, fredwilson
ddol, davemcclure
ddol, arstechnica
ddol, Voxitay
ddol, ConanOBrien
ddol, NASA
ddol, StephenAtHome
ddol, bballinger
ddol, CaseyNeistat
CptPositive, aclear
CptPositive, scottOfTheSci
CptPositive, shaunkane
CptPositive, jure
CptPositive, EatClubOrg
CptPositive, MenInBlazers
CptPositive, jofish
CptPositive, ayman
CptPositive, informor
CptPositive, lanayarosh
CptPositive, jwiese
CptPositive, NGorm
CptPositive, gillianrhayes
CptPositive, aninddey
CptPositive, marlowja
CptPositive, AndyRichter
CptPositive, ACMUIST
CptPositive, bigdata4people
CptPositive, WillJosephCook
CptPositive, manwhohasitall
GTRI, tweeplers
GTRI, VAVetBenefits
GTRI, DeptVetAffairs
GTRI, stampshealth
GTRI, FerstCenter
GTRI, CarolineGWood
GTRI, SSEFGeorgia
GTRI, BuildingIoT
GTRI, NetOfEverything
GTRI, iotconsortium
GTRI, TheIoT
GTRI, carolrclark
GTRI, ConversationEDU
GTRI, Alltop
GTRI, FromTheLabBench
GTRI, BuzzHootRoar
GTRI, ConversationUS
GTRI, duvall_jd2
GTRI, C4ISRNET
GTRI, PhysicsCentral
kedwards, NotAltWorld
kedwards, BarackObama
kedwards, HalfOnionInABag
kedwards, cursedimages
kedwards, internetofshit
kedwards, clmazin
kedwards, Snowden
kedwards, Oatmeal
kedwards, hcdeUW
kedwards, AwardsDarwin
kedwards, colin2sheds
kedwards, blairmacintyre
kedwards, GeorgiaTech
kedwards, ryangravel
kedwards, professorBodker
kedwards, beltlinepiper
kedwards, andrewmiller
kedwards, verbicidal
kedwards, asbruckman
kedwards, GavinNewsom
goodfellow_ian, RoyaMahboob
goodfellow_ian, vmcheung
goodfellow_ian, elianalorch
goodfellow_ian, johncoogan
goodfellow_ian, neilhimself
goodfellow_ian, indicoData
goodfellow_ian, geoffreyirving
goodfellow_ian, gstsdn
goodfellow_ian, cjmaddison
goodfellow_ian, machinaut
goodfellow_ian, yeewhye
goodfellow_ian, robertskmiles
goodfellow_ian, rivatez
goodfellow_ian, gyomalin_ML
goodfellow_ian, VitalikButerin
goodfellow_ian, TheGradient
goodfellow_ian, lschmidt3
goodfellow_ian, aleks_madry
goodfellow_ian, SwiftOnSecurity
goodfellow_ian, internetofshit
dennybritz, fabinger
dennybritz, keunwoochoi
dennybritz, MehdiShibahara
dennybritz, shimon8282
dennybritz, quantombone
dennybritz, VahidK
dennybritz, yablak
dennybritz, HirokoTabuchi
dennybritz, cinjoncin
dennybritz, LauraDeming
dennybritz, Samuel_DavidA
dennybritz, TheRealBenBall
dennybritz, lukede0
dennybritz, animesh_garg
dennybritz, mpd37
dennybritz, KaiLashArul
dennybritz, sbmckeon
dennybritz, lishali88
dennybritz, Img_Prasanna
dennybritz, FeryalMP
MattandMattPod, SamForDaWin
fatla1995, SamForDaWin
KatieNolan33, SamForDaWin
AaronSolender86, SamForDaWin
StephanieFarri9, SamForDaWin
maddielee419, SamForDaWin
YaBoiHudson, SamForDaWin
WePlayLean, SamForDaWin
mwysocki93, SamForDaWin
mikeyeps, SamForDaWin
rishippatel3, SamForDaWin
ShitEprightSays, SamForDaWin
tedge99, SamForDaWin
_CJx32_, SamForDaWin
TFL2015, SamForDaWin
spookysadness, SamForDaWin
AnayNawathe, SamForDaWin
mattzerkus, SamForDaWin
qcampbell3, SamForDaWin
rx_linguist, severinhacker
deanwithey, severinhacker
l__sahar, severinhacker
El_Luigi_V, severinhacker
Sandeepcristi, severinhacker
bbonesmo, severinhacker
arnaldohcastro, severinhacker
theceolibrary, severinhacker
LudoLatin, severinhacker
BarAlc58, severinhacker
TheG_Type, severinhacker
ArchAngelLPV, severinhacker
burculantonija, severinhacker
AdityaA19118052, severinhacker
RaffMisceo, severinhacker
MikeCaps, severinhacker
AwesomePittsbgh, severinhacker
hackernewsbot_, severinhacker
AlexKlarfeld, severinhacker
LLevasseur75, severinhacker
PaulEfrenSantos, albertocairo
_WaylonWalker, albertocairo
southpolecoffee, albertocairo
cbarriosmodeler, albertocairo
acastroaraujo, albertocairo
TheStagHunt, albertocairo
faze___2, albertocairo
Rguez_Cabrera, albertocairo
ireneserrano, albertocairo
clarksteele, albertocairo
6sigmaguru, albertocairo
SimonBeaumont04, albertocairo
chaidiradlan, albertocairo
Tmendez_io, albertocairo
paulhardman, albertocairo
MasimovR, albertocairo
belisards, albertocairo
altvaro, albertocairo
ssaintleger, albertocairo
alayzappala, albertocairo
AmbassadorCOO, FisherDanyel
flekschas, FisherDanyel
ken_hinckley, FisherDanyel
hmlizama, FisherDanyel
CatchKD7, FisherDanyel
jawalnut, FisherDanyel
yanlofe, FisherDanyel
philogb, FisherDanyel
SeattleHarvest, FisherDanyel
nickyzhi123, FisherDanyel
univienna_vda, FisherDanyel
minsukkahng, FisherDanyel
JennyRLyons, FisherDanyel
amitkaps, FisherDanyel
namwkim85, FisherDanyel
pciuccarelli, FisherDanyel
Metti_Hoof, FisherDanyel
nikiubel, FisherDanyel
markvsql, FisherDanyel
ShivaniAurora, LMNault
darksunshinedee, LMNault
ericsimons, LMNault
James044Brian, LMNault
ubikretail, LMNault
UXsnack, LMNault
venture12, LMNault
goshospain, LMNault
missiongirl4, LMNault
shodoshan, LMNault
LisaDOhio, LMNault
NoeticSeries, LMNault
LoveNVRDiesBook, LMNault
ipevzner, LMNault
nelsonmarteleir, LMNault
martinlong82, LMNault
mrpderbs, LMNault
banerjee_mamata, LMNault
cindycated, LMNault
andysz, adarrow
kplusr2, adarrow
UXsnack, adarrow
Antonioflpalenc, adarrow
kenudigit, adarrow
delcarpio321, adarrow
rideamigos, adarrow
neela_bell, adarrow
bethgalambos, adarrow
BrittneyBush, adarrow
wrdarrow, adarrow
ModusInstitute, adarrow
zaidhisham, adarrow
peacokle, adarrow
banerjee_mamata, adarrow
Nonnormalizable, adarrow
LaurentJanolin, adarrow
BurlinBritta, adarrow
Phooj, adarrow
peeber_pan, JakeP
coachdotme, JakeP
ElenaWerdath, JakeP
hazeshanshan, JakeP
Africa_VC, JakeP
lottisbp, JakeP
SouthCountyIzik, JakeP
baymonsters, JakeP
cruzisabela995, JakeP
figipyzimapu, JakeP
jbarlekamp, JakeP
PeeringPressure, JakeP
ngoclongnguyen3, JakeP
MountainLionP22, JakeP
RayBeau, JakeP
banerjee_mamata, JakeP
CrowdTMeeting, JakeP
adb19a44f36c456, JakeP
hungviet2004, JakeP
Face_adventure, kimisperros
WoolAllure, kimisperros
adamgdunn, kimisperros
nuclearkatie, kimisperros
BeadedJewlery, kimisperros
PromoStoreOne, kimisperros
OscarJetson, kimisperros
SyidMassiah, kimisperros
WoodFlipbook, kimisperros
sethmessenger32, kimisperros
appliedmldays, kimisperros
minsukkahng, kimisperros
KaterinaElRaheb, kimisperros
Prof_DavidBader, kimisperros
danlizotte, kimisperros
ilknurkabul, kimisperros
junayedjion9, kimisperros
ryanallred, kimisperros
Tobias_Grosser, kimisperros
Giovangelo187, Prof_DavidBader
Eliveeoo, Prof_DavidBader
alexsnchz27, Prof_DavidBader
davisiiiclarenc, Prof_DavidBader
MehmetSercanOge, Prof_DavidBader
ChadKincaid1, Prof_DavidBader
cnsasikkumar, Prof_DavidBader
tw_wayneS, Prof_DavidBader
JoshBoa61763800, Prof_DavidBader
SHAICITY, Prof_DavidBader
HnoEdgarjean, Prof_DavidBader
OneColdDish, Prof_DavidBader
ScotJasper, Prof_DavidBader
ethnicbowl, Prof_DavidBader
dmontal, Prof_DavidBader
Lisaisabella2, Prof_DavidBader
timblake1978, Prof_DavidBader
VogLab, Prof_DavidBader
ProFrameCo, Prof_DavidBader
leadershipDVC, Prof_DavidBader
redgreentreeapp, jonfroehlich
DConf2018, jonfroehlich
CarlSetzer, jonfroehlich
OpenSourceLab20, jonfroehlich
heorv, jonfroehlich
tentacleseal, jonfroehlich
JohnAlexander, jonfroehlich
markjamatthews, jonfroehlich
Gridbee, jonfroehlich
convoluted_code, jonfroehlich
datuixx, jonfroehlich
aneja_ap, jonfroehlich
rameses888, jonfroehlich
rajakushalnagar, jonfroehlich
skateprofessor, jonfroehlich
RollingWOLimits, jonfroehlich
developerach, jonfroehlich
bookofinnov, jonfroehlich
jwkritchie, jonfroehlich
We_are_upstart, jonfroehlich
nycgamelab1, ibogost
ANONGODESS, ibogost
Murphy_CP, ibogost
devotionfx, ibogost
artsails1, ibogost
ceanders, ibogost
_MatthewWesley_, ibogost
WiredChuck, ibogost
GamzeSart, ibogost
emiliogaliacho, ibogost
sgmcdowell, ibogost
EdgeofFrame, ibogost
Josh_D_Day, ibogost
matthewmccardy_, ibogost
CDVR000, ibogost
HarryKennard, ibogost
AmyJenPeggy, ibogost
Andrezinho, ibogost
cschlang, ibogost
tipsographic, ibogost
HarvinderKour7, khusape
urbaneparent, khusape
Gopal000786, khusape
ManojSharma215, khusape
cefacoc, khusape
UXPAPER, khusape
RamiroMFernand1, khusape
Will_Alvarez, khusape
tatiana170295, khusape
bieber_work, khusape
MomFailPodcast, khusape
CAKISANPANDYA, khusape
ProPop2, khusape
ahmedalwailly43, khusape
noveliciouss, khusape
FeelThree, khusape
Yhamegroup, khusape
arvindax, khusape
drjoyce_knudsen, khusape
muhamma59993363, khusape
michael_hodgdon, TheNextCorner
KONSTANTLAW, TheNextCorner
USA_FANS_CLUBS, TheNextCorner
marcusflemming, TheNextCorner
skylarcwrites, TheNextCorner
cheval_yo, TheNextCorner
tonystubblebine, TheNextCorner
bself4bworld, TheNextCorner
neilhuggan, TheNextCorner
rocklondon1, TheNextCorner
talentdynamics, TheNextCorner
KevinB_Murphy, TheNextCorner
TommySWang, TheNextCorner
jenjacksonme, TheNextCorner
mypassiontest, TheNextCorner
eiupdates, TheNextCorner
RepBright, TheNextCorner
AmbraHensley, TheNextCorner
Sandybillionboy, TheNextCorner
mdraselkhantaj, TheNextCorner
streamlio, zkancs
cammipham, zkancs
DD_NaNa_, zkancs
SullivaChelsea, zkancs
danieljpeter, zkancs
daycamp4devs, zkancs
ansarisaad, zkancs
oneplus1000, zkancs
rvrkj, zkancs
notsu, zkancs
Mohamed3_AboTal, zkancs
DigidustGrowth, zkancs
vedarthsharma, zkancs
dwhsieh, zkancs
TechNativeWire, zkancs
orbittest2, zkancs
EmekaData, zkancs
TAanderud, zkancs
JohnKNLL, zkancs
nicolemannann, zkancs
desydolan, ddol
madbunny_911, ddol
AAthifas97, ddol
OBehaveYourself, ddol
coreyfro, ddol
NikhilS50, ddol
jonobacon, ddol
JessRTs_a_lot, ddol
Moviebnb, ddol
mostblue1, ddol
georgbauser, ddol
pmaceoin, ddol
gocountly, ddol
GoodAILab, ddol
bananamagick, ddol
acelr8, ddol
HostedGraphite, ddol
Voxitay, ddol
aslezak, ddol
FXPALResearch, CptPositive
jofish, CptPositive
t0zecorreia, CptPositive
msbernst, CptPositive
scottOfTheSci, CptPositive
ACMIUI, CptPositive
suefussell, CptPositive
IntercultComm, CptPositive
bigdata4people, CptPositive
kkarahal, CptPositive
khai_truong, CptPositive
hciprof, CptPositive
plopesresearch, CptPositive
nediyana, CptPositive
carlagriggio, CptPositive
cosleydr, CptPositive
jeffbigham, CptPositive
mattllee, CptPositive
ideasandinfo, CptPositive
karlyoungEC, GTRI
GregYounts, GTRI
rohitvarkey, GTRI
SoufianeEF, GTRI
AubreyDInc, GTRI
TheHRH, GTRI
patrickocr, GTRI
Omnes_VC, GTRI
EU_ScienceHub, GTRI
GTSolarRacing, GTRI
jimchatfieldjr, GTRI
SynesthCorp, GTRI
advoloastra, GTRI
GaTechWIE, GTRI
cclark_georgia1, GTRI
naz_andalibi, GTRI
ecr_, GTRI
Annakat23878050, GTRI
GAsGreatest, GTRI
keshav_sanjeevi, GTRI
GT_AnnieAnton, kedwards
naz_andalibi, kedwards
bigdata4people, kedwards
MatthewGombolay, kedwards
ICatGT, kedwards
vivianmotti, kedwards
LexusVitamin, kedwards
Shneydave, kedwards
profmikefraser, kedwards
sociallycompute, kedwards
MarinaChong, kedwards
myriadbird, kedwards
thesaadismail, kedwards
Chris_Storm71, kedwards
jr_thomp, kedwards
hide_yourself, kedwards
acmDIS, kedwards
MiJaGourlay, kedwards
Alex_Drunkan, kedwards
joshuawhoelse, goodfellow_ian
MichaelKuchnik, goodfellow_ian
Xaiyeon, goodfellow_ian
rajmahal15, goodfellow_ian
Raju1m, goodfellow_ian
stablemap, goodfellow_ian
ylinskype, goodfellow_ian
DMCMColtin, goodfellow_ian
amharikumar, goodfellow_ian
Looglz_, goodfellow_ian
SatyaAllumallu, goodfellow_ian
nagana39, goodfellow_ian
wenzj2010, goodfellow_ian
ppusiol, goodfellow_ian
zhenhuawang7, goodfellow_ian
xiaohank, goodfellow_ian
srinivasnjay, goodfellow_ian
fahdbaig, goodfellow_ian
kdn251, goodfellow_ian
MatthewKeeffe1, goodfellow_ian
mintoo1313, dennybritz
xFarheenShaikh, dennybritz
MktRiskPartners, dennybritz
kdn251, dennybritz
anmichelr, dennybritz
bayegaspard, dennybritz
Mkm39210949Mkm, dennybritz
MarekRei, dennybritz
Metti_Kh, dennybritz
sumansai14, dennybritz
MicheleDemurtas, dennybritz
lonyaroot, dennybritz
bestoptionpt, dennybritz
PyTorchPractice, dennybritz
blakezsmith, dennybritz
Rory_Galvin, dennybritz
dihafrasekk, dennybritz
BalaramPrasanth, dennybritz
332_631, dennybritz
vedant_rathore_, dennybritz